{"cameraMode":{"drawMode":0,"name":"Shaded","section":"Shading Mode"},"sceneLighting":true,"audioPlay":false,"sceneViewState":{"m_AlwaysRefresh":false,"showFog":true,"showSkybox":true,"showFlares":true,"showImageEffects":true,"showParticleSystems":true,"showVisualEffectGraphs":true,"m_FxEnabled":true},"in2DMode":false,"pivot":{"x":20.987125396728517,"y":22.524045944213868,"z":23.430438995361329},"rotation":{"x":0.1407146006822586,"y":-0.8017057180404663,"z":0.20796164870262147,"w":0.5424282550811768},"size":1.1209940910339356,"orthographic":false}